<?xml version="1.0" encoding="UTF-8"?>

<!DOCTYPE mapper
	PUBLIC "-//mybatis.org/DTD Mapper 3.0//EN"
	"http://mybatis.org/dtd/mybatis-3-mapper.dtd">
	
		<!-- sql 문장 쓰는 곳  -->
<mapper namespace = "com.coderoaster.cafe.dao.ClientDao"> <!-- DB와 연결하는 부분 ! 중요하다 -->

	<select id="ClientAllSelect" resultType="com.coderoaster.cafe.dto.ClientDTO">
		select cSeqno, cId, cPw, cName, cEmail, cImage, cTelno, cBusinessNumber, cDate, cRegion, cLongitude, cLatitude from Client;
	</select>
	
	<delete id="ClientDelete">
		delete from Client where cSeqno = #{param1};
	</delete>
	
	<select id="ClientUpdateInfo" resultType="com.coderoaster.cafe.dto.ClientDTO">
		select cSeqno, cId, cPw, cName, cEmail, cImage, cTelno, cBusinessNumber, cDate, cRegion, cLongitude, cLatitude from Client where cSeqno = #{param1};
	</select>

	<update id="ClientUpdateGo">
		update Client set cId = #{param1}, cPw = #{param2}, cName = #{param3}, cEmail = #{param4}, 
						cImage = #{param5}, cTelno = #{param6}, cBusinessNumber = #{param7}, cDate = #{param8}, 
						cRegion = #{param9}, cLongitude = #{param10}, cLatitude = #{param11} 
		where cSeqno = #{param12};		
	</update>

</mapper>