<?xml version="1.0" encoding="UTF-8"?>

<!DOCTYPE mapper
	PUBLIC "-//mybatis.org/DTD Mapper 3.0//EN"
	"http://mybatis.org/dtd/mybatis-3-mapper.dtd">

	<!-- sql 문장 쓰는 곳  -->
<mapper namespace = "com.coderoaster.cafe.dao.EngineerDao"> <!-- DB와 연결하는 부분 ! 중요하다 -->

	<select id="EngineerAllSelect" resultType="com.coderoaster.cafe.dto.EngineerDTO">
		select eSeqno, eId, ePw, eName, eEmail, eImage, eTelno, eBusinessNumber, eDate, eAddress from Engineer;
	</select>

	<delete id="EngineerDelete">
		delete from Engineer where eSeqno = #{param1};
	</delete>

	<select id="EngineerUpdateInfo" resultType="com.coderoaster.cafe.dto.EngineerDTO">
		select eSeqno, eId, ePw, eName, eEmail, eImage, eTelno, eBusinessNumber, eDate, eAddress from Engineer where eSeqno = #{param1};
	</select>

	<update id="EngineerUpdateGo">
		update Engineer set eId = #{param1}, ePw = #{param2}, eName = #{param3}, eEmail = #{param4}, 
						eImage = #{param5}, eTelno = #{param6}, eBusinessNumber = #{param7}, eDate = #{param8}, 
						eAddress = #{param9}
		where eSeqno = #{param10};		
	</update>
</mapper>